Transaction_ID,amount,user_id,device,label,time_of_day,transaction_frequency
1,699.9918477427573,39,tablet,0,afternoon,7
2,997.2829794207104,29,desktop,0,afternoon,2
3,897.6441603442806,15,mobile,0,afternoon,13
4,580.2384336276034,43,tablet,1,night,10
5,918.2216569546763,8,mobile,0,evening,17
6,15.247006333629363,21,tablet,0,afternoon,15
7,975.3164913156911,39,desktop,0,evening,7
8,495.8412914661966,19,tablet,0,afternoon,16
9,725.6671356555579,23,desktop,0,afternoon,8
10,822.652858421819,11,tablet,0,night,18
11,721.2726981281882,11,desktop,1,morning,18
12,539.6863647244614,24,desktop,0,night,16
13,481.85328928514787,36,desktop,0,afternoon,13
14,840.1967331155985,40,desktop,0,afternoon,12
15,213.02678454796452,24,mobile,0,morning,16
16,968.3141258391919,3,desktop,0,evening,4
17,713.8429540483808,22,mobile,0,evening,4
18,207.51185806493658,2,mobile,0,afternoon,19
19,738.8847118615033,24,desktop,0,evening,16
20,534.5416229493055,44,mobile,0,afternoon,16
21,710.1577946880001,30,tablet,0,morning,3
22,770.1017064284104,38,desktop,0,morning,8
23,96.4172777937787,2,mobile,0,afternoon,19
24,511.04291679575357,21,desktop,0,morning,15
25,932.6941988343648,33,desktop,0,night,11
26,327.43577023791914,12,desktop,0,night,1
27,597.9442665823199,22,mobile,0,morning,4
28,375.5381766947972,44,tablet,0,afternoon,16
29,459.72529249690865,25,tablet,0,afternoon,16
30,553.1170867587716,49,mobile,0,morning,18
31,553.4327600900875,27,desktop,0,evening,13
32,209.7131577069335,42,mobile,0,night,7
33,687.725832401035,28,mobile,0,evening,13
34,96.98943013023025,16,mobile,0,afternoon,6
35,147.43652570760017,15,desktop,0,afternoon,13
36,12.683790420186373,47,mobile,0,evening,6
37,125.52910350026451,44,desktop,0,morning,16
38,478.4345390413733,3,mobile,0,evening,4
39,610.0408622452802,37,tablet,0,evening,2
40,796.3465554667978,7,mobile,0,night,8
41,115.6322576123017,21,mobile,1,night,15
42,852.2201854162902,9,tablet,0,evening,7
43,748.514780293231,39,desktop,0,evening,7
44,414.43311000655774,18,desktop,0,afternoon,5
45,933.6086864289551,4,mobile,0,night,3
46,991.0201816928167,25,tablet,0,night,16
47,212.9517919527049,14,desktop,0,afternoon,4
48,385.4362991141624,9,mobile,0,morning,7
49,927.184929353814,26,tablet,0,night,4
50,724.3805852437644,2,desktop,0,night,19
51,57.61369752444681,20,desktop,0,morning,15
52,783.6993369339008,28,tablet,0,night,13
53,829.661478305717,47,tablet,0,night,6
54,752.9969055176604,7,tablet,0,morning,8
55,801.5417596103205,44,tablet,0,morning,16
56,826.8813499258692,8,mobile,0,evening,17
57,194.54093692026265,47,tablet,1,afternoon,6
58,243.33482860434975,35,desktop,0,afternoon,7
59,637.4209780829755,14,desktop,1,morning,4
60,908.7874691578908,17,mobile,0,morning,14
61,323.03461647352964,36,desktop,0,night,13
62,592.4236090371061,40,desktop,0,evening,12
63,686.1522427829611,4,tablet,0,evening,3
64,457.42911528604884,2,desktop,1,morning,19
65,716.6446303067727,6,mobile,0,night,12
66,900.6707708392514,42,tablet,0,night,7
67,627.8605287400193,4,tablet,0,afternoon,3
68,544.3832512954867,29,mobile,0,afternoon,2
69,444.3572286344557,18,tablet,0,night,5
70,581.7114081970644,26,tablet,0,afternoon,4
71,361.80882730021193,44,mobile,0,morning,16
72,397.5672890994869,34,tablet,0,night,9
73,536.5389048912922,10,mobile,0,afternoon,11
74,75.9529212669088,36,mobile,0,evening,13
75,236.7351370155484,14,desktop,0,night,4
76,547.4208175072748,31,desktop,1,night,8
77,437.2128617050782,48,tablet,0,evening,18
78,339.48762805335946,15,tablet,0,morning,13
79,733.2436454412084,8,mobile,0,evening,17
80,696.7804313293051,14,tablet,0,night,4
81,175.06345239344932,23,mobile,0,morning,8
82,879.8428242197039,40,mobile,1,afternoon,12
83,500.46939013992596,21,tablet,0,afternoon,15
84,744.046302027655,16,mobile,1,afternoon,6
85,577.4193407648148,45,desktop,0,night,3
86,997.7156897646048,18,tablet,0,evening,5
87,754.8790888384344,47,desktop,0,morning,6
88,709.9106566310245,24,tablet,0,afternoon,16
89,780.7862196602435,26,mobile,0,morning,4
90,151.69670569298492,25,tablet,0,night,16
91,212.49914723776865,45,desktop,0,afternoon,3
92,716.923441401378,41,mobile,0,night,19
93,499.04167225955405,29,tablet,0,evening,2
94,757.0889389415154,15,tablet,0,night,13
95,111.88687043670356,45,tablet,0,night,3
96,541.1165379697488,1,desktop,0,evening,3
97,385.0333499013465,25,desktop,0,morning,16
98,462.4302170888615,7,tablet,0,evening,8
99,607.9182933517874,9,mobile,0,evening,7
100,507.26546398790487,24,mobile,0,night,16
101,544.4620307417083,1,desktop,1,morning,3
102,491.4939071756517,44,mobile,0,afternoon,16
103,414.8656253146383,8,desktop,0,evening,17
104,774.1631607922626,24,tablet,0,morning,16
105,22.08104159486407,11,desktop,0,evening,18
106,602.4582741931747,17,desktop,0,evening,14
107,569.853263849744,8,tablet,0,evening,17
108,719.0172839856226,35,mobile,0,evening,7
109,603.0390711295532,35,desktop,0,night,7
110,828.5308395309876,33,desktop,0,morning,11
111,959.4840466183875,5,tablet,0,morning,16
112,349.099014606758,42,mobile,0,morning,7
113,235.07747319968715,39,desktop,0,evening,7
114,429.36089379627805,41,tablet,0,night,19
115,295.05032031096886,28,desktop,1,evening,13
116,618.8007605211279,7,tablet,0,evening,8
117,912.7338847545351,9,mobile,0,morning,7
118,147.72503220163125,8,mobile,0,evening,17
119,109.78665698572763,12,mobile,0,afternoon,1
120,263.4553765351256,34,mobile,0,evening,9
121,728.8346302017768,33,desktop,0,afternoon,11
122,597.0332762062334,48,desktop,0,evening,18
123,111.1905375829476,23,mobile,0,night,8
124,919.563017038139,24,mobile,0,night,16
125,792.1837907528459,37,mobile,0,morning,2
126,32.79237873976113,35,desktop,0,evening,7
127,654.8535388783637,44,mobile,0,afternoon,16
128,773.5342018345406,40,mobile,1,afternoon,12
129,380.6910160232178,22,mobile,1,evening,4
130,78.2323239735466,27,tablet,0,afternoon,13
131,86.54785483389938,35,mobile,0,night,7
132,113.2044963912914,1,tablet,0,afternoon,3
133,842.0352356606187,35,tablet,0,morning,7
134,911.579336273156,37,mobile,0,night,2
135,131.58267402727645,47,tablet,0,night,6
136,243.5469742491304,14,mobile,0,night,4
137,173.86530526361688,3,desktop,0,evening,4
138,194.4576706991795,1,desktop,0,evening,3
139,839.1158811124672,5,desktop,0,night,16
140,338.82494852838954,26,desktop,1,evening,4
141,318.32982140518476,14,tablet,0,afternoon,4
142,235.1216646683415,39,mobile,0,evening,7
143,611.8154498563161,27,mobile,0,evening,13
144,385.5126414016934,9,mobile,0,night,7
145,746.8071553248559,15,desktop,0,morning,13
146,213.52401029188113,15,desktop,0,morning,13
147,789.9119898273475,26,mobile,0,morning,4
148,607.6843164128376,42,desktop,0,afternoon,7
149,123.12462705513087,13,mobile,0,evening,3
150,420.3595383615914,32,mobile,1,morning,15
151,864.8829592068274,39,mobile,0,night,7
152,923.7306294805,49,mobile,0,morning,18
153,471.04312109562505,32,mobile,0,morning,15
154,486.0286083081828,4,mobile,0,evening,3
155,919.2701776899081,30,mobile,0,evening,3
156,591.1975418952015,37,desktop,0,evening,2
157,42.51820354100396,23,mobile,0,afternoon,8
158,913.6219682503375,39,mobile,0,afternoon,7
159,255.74417832958036,45,desktop,1,morning,3
160,581.8556345506317,15,desktop,0,evening,13
161,173.85818425369408,43,desktop,0,morning,10
162,43.54036864412904,29,mobile,0,night,2
163,318.3584394214298,36,tablet,1,night,13
164,782.6907504706268,13,tablet,0,evening,3
165,284.81130090312394,32,desktop,0,evening,15
166,227.89624194028607,7,tablet,0,night,8
167,220.553976497814,22,desktop,0,evening,4
168,520.0219455827445,28,mobile,0,afternoon,13
169,975.7859025259287,2,tablet,0,afternoon,19
170,464.3990981368429,42,mobile,0,evening,7
171,561.7323152011475,45,tablet,0,night,3
172,862.0256977118266,6,mobile,0,morning,12
173,539.719021744322,28,tablet,0,evening,13
174,192.61824270466752,28,mobile,1,evening,13
175,306.5999526488123,44,mobile,0,morning,16
176,316.8375570059248,44,tablet,1,evening,16
177,403.3449343030219,20,mobile,0,morning,15
178,432.5210162833819,30,mobile,0,night,3
179,801.7842018535267,11,mobile,0,afternoon,18
180,355.8931290588397,28,tablet,0,night,13
181,473.54951015696554,25,tablet,0,afternoon,16
182,628.7262271805417,39,mobile,0,morning,7
183,383.9486879657676,33,mobile,0,afternoon,11
184,838.1991651594095,1,tablet,1,night,3
185,591.5790681917335,27,tablet,0,afternoon,13
186,301.10423242876186,13,mobile,0,morning,3
187,716.91860779193,41,mobile,0,afternoon,19
188,532.371252843338,3,mobile,0,evening,4
189,539.1113323446745,39,desktop,0,night,7
190,486.2770689037101,6,tablet,0,evening,12
191,502.0418293330365,8,desktop,0,morning,17
192,767.7027182555782,27,tablet,0,afternoon,13
193,111.95166453800236,9,tablet,0,evening,7
194,341.01918319737734,37,tablet,0,evening,2
195,84.74833016585033,33,tablet,0,afternoon,11
196,755.7137585399763,42,tablet,0,afternoon,7
197,279.5788361730964,44,tablet,0,night,16
198,898.4561057206954,24,tablet,0,evening,16
199,531.3126819927008,15,desktop,0,evening,13
200,802.7422737712599,32,mobile,0,morning,15
201,979.1421212598016,32,mobile,0,night,15
202,841.3909708620049,24,desktop,0,morning,16
203,868.3238224114083,41,desktop,0,evening,19
204,413.90465041119626,49,desktop,0,morning,18
205,556.2053693067463,49,desktop,0,evening,18
206,261.34967840287123,12,tablet,0,evening,1
207,204.15196869651828,39,mobile,0,morning,7
208,510.45280031497344,2,tablet,0,morning,19
209,599.0984899034164,3,mobile,0,afternoon,4
210,345.87853343722907,49,mobile,0,afternoon,18
211,573.7490825858654,37,desktop,0,afternoon,2
212,888.5858776883679,49,tablet,0,evening,18
213,561.1543689355324,17,desktop,0,morning,14
214,723.6049653474015,49,tablet,0,night,18
215,807.261817684326,2,mobile,0,evening,19
216,988.8414941358883,2,desktop,0,night,19
217,607.1654281552098,28,desktop,0,morning,13
218,808.7816474729601,23,mobile,0,evening,8
219,963.0228253693259,37,mobile,0,night,2
220,944.9656283215007,32,mobile,0,night,15
221,149.67103028993643,33,desktop,0,afternoon,11
222,412.3283851907868,1,tablet,0,afternoon,3
223,330.7501604957316,19,desktop,0,afternoon,16
224,96.05576480084582,2,tablet,0,evening,19
225,636.908367161851,44,desktop,0,morning,16
226,738.5455670640423,26,desktop,0,morning,4
227,849.6468145122146,32,mobile,0,afternoon,15
228,131.54912076608142,6,tablet,0,afternoon,12
229,877.6796351165409,32,desktop,0,afternoon,15
230,646.4963079781107,4,desktop,0,night,3
231,706.9066737871243,11,mobile,0,afternoon,18
232,911.5177635049009,17,mobile,0,night,14
233,628.5136583328185,38,tablet,0,morning,8
234,342.5071985783367,24,desktop,0,evening,16
235,826.8562581084332,5,tablet,0,evening,16
236,369.4286200731396,34,desktop,0,evening,9
237,43.88582971232383,6,tablet,0,evening,12
238,832.3479614995972,22,mobile,0,night,4
239,351.7402234324628,11,desktop,0,night,18
240,776.0961779693268,48,tablet,1,afternoon,18
241,369.130315719286,16,mobile,0,night,6
242,862.4573397749743,33,mobile,0,afternoon,11
243,227.3154198301491,9,tablet,0,afternoon,7
244,974.8017925468812,6,desktop,0,evening,12
245,781.9611870401504,16,desktop,0,night,6
246,123.09554666119287,29,mobile,0,night,2
247,570.1188537668949,3,desktop,0,afternoon,4
248,985.5136391193173,20,desktop,0,afternoon,15
249,476.35479816687626,36,desktop,0,morning,13
250,190.2860674333674,19,mobile,0,morning,16
251,489.9305834788427,26,tablet,0,afternoon,4
252,517.3330793231023,3,desktop,0,morning,4
253,744.2700747863789,19,mobile,0,morning,16
254,701.8573946292954,20,mobile,0,afternoon,15
255,408.52454316101074,32,tablet,0,afternoon,15
256,225.84287641914563,7,desktop,0,night,8
257,648.6036260916361,41,desktop,0,afternoon,19
258,427.486895207749,33,tablet,1,afternoon,11
259,140.95344901407708,40,tablet,0,evening,12
260,901.5665782240218,39,mobile,1,night,7
261,694.3096390335578,18,mobile,0,night,5
262,686.3520178810265,40,tablet,0,night,12
263,824.3580371525571,1,desktop,0,evening,3
264,534.3650618685302,11,mobile,0,afternoon,18
265,816.9038841184325,28,mobile,0,night,13
266,503.10984597589567,25,desktop,1,night,16
267,76.50364591655298,23,mobile,1,morning,8
268,411.19560714741186,31,desktop,0,night,8
269,502.4902450400917,30,desktop,0,afternoon,3
270,723.0005558159728,42,desktop,1,afternoon,7
271,115.51294282738762,35,tablet,0,morning,7
272,148.61835327384452,7,tablet,0,night,8
273,271.0469646082703,16,tablet,0,night,6
274,273.8334094371734,26,desktop,0,night,4
275,734.8627326744718,48,desktop,1,evening,18
276,258.2233539559818,49,tablet,0,night,18
277,636.767082723873,2,mobile,0,afternoon,19
278,499.3311116368887,1,desktop,0,afternoon,3
279,577.5614343976066,48,mobile,0,evening,18
280,839.7258935465128,12,mobile,0,evening,1
281,410.33768653353405,5,desktop,0,night,16
282,773.2022632936278,37,desktop,0,morning,2
283,427.8156989551805,32,mobile,0,evening,15
284,360.33266279563696,9,mobile,0,evening,7
285,959.0409055400884,41,tablet,1,night,19
286,192.52721147217358,35,tablet,0,night,7
287,99.43359097183179,19,desktop,0,evening,16
288,773.2760662801237,48,tablet,0,morning,18
289,77.56720830055066,16,tablet,1,evening,6
290,838.7082007959991,3,tablet,0,night,4
291,442.8214623936711,20,tablet,0,night,15
292,916.3585405189949,24,mobile,0,evening,16
293,724.3175325106865,33,desktop,0,morning,11
294,614.3006203378781,24,tablet,0,evening,16
295,949.813729087188,11,mobile,0,evening,18
296,402.68287932153373,49,mobile,0,night,18
297,954.5460671742368,8,mobile,0,morning,17
298,143.65126464699486,36,tablet,0,afternoon,13
299,488.9173925130886,38,tablet,0,morning,8
300,277.21211016827294,40,desktop,0,evening,12
301,544.4443511191115,20,tablet,0,evening,15
302,170.39373911266875,35,tablet,0,evening,7
303,843.114363706943,48,mobile,0,morning,18
304,847.9437708214117,25,desktop,0,night,16
305,955.6839495962441,35,tablet,0,evening,7
306,163.12541947440386,25,tablet,0,evening,16
307,627.0992253959408,29,mobile,0,morning,2
308,479.4949356133659,18,mobile,0,afternoon,5
309,350.93989472379087,46,tablet,0,afternoon,10
310,358.02475952287665,18,desktop,0,night,5
311,418.66561510068476,2,desktop,0,night,19
312,707.8762941920635,35,mobile,1,evening,7
313,602.303197685473,16,mobile,0,morning,6
314,465.0846976335198,41,tablet,0,evening,19
315,85.17407626592586,36,mobile,1,night,13
316,86.9876906381675,33,tablet,0,morning,11
317,12.315996719520477,4,desktop,0,morning,3
318,968.0223943250156,33,desktop,0,night,11
319,15.201280372801065,14,tablet,0,afternoon,4
320,112.06280855360743,21,mobile,0,afternoon,15
321,321.4505912413168,48,desktop,0,morning,18
322,809.3559492985936,20,mobile,0,evening,15
323,962.4777979064764,8,desktop,0,afternoon,17
324,792.1134232039375,7,tablet,0,evening,8
325,693.6546301211841,3,tablet,0,afternoon,4
326,526.0876607394337,17,tablet,0,afternoon,14
327,95.83815974356177,33,desktop,0,evening,11
328,958.589085073891,48,mobile,0,night,18
329,760.8084898062247,12,mobile,1,afternoon,1
330,642.5598914809192,22,mobile,0,afternoon,4
331,761.4454870834613,22,desktop,0,evening,4
332,726.8622959804072,46,desktop,1,night,10
333,640.859263991592,30,desktop,0,afternoon,3
334,980.7710321781883,38,desktop,0,afternoon,8
335,904.3301745096647,38,desktop,0,night,8
336,650.1982699259918,45,mobile,1,afternoon,3
337,696.2434593423554,8,desktop,0,night,17
338,61.0798485921229,27,desktop,0,night,13
339,673.2182899045388,27,mobile,0,evening,13
340,53.723783332999176,34,desktop,0,morning,9
341,592.3811194002318,21,mobile,0,night,15
342,999.3599645701765,30,mobile,0,evening,3
343,560.2485156228079,33,tablet,0,morning,11
344,478.47801690052006,28,tablet,0,afternoon,13
345,319.7263079405317,47,tablet,0,morning,6
346,129.3173529985998,33,tablet,0,night,11
347,733.7134347436988,5,desktop,0,night,16
348,200.67303750777413,48,tablet,0,night,18
349,124.12920103481153,19,mobile,0,night,16
350,427.5450331332074,4,desktop,0,night,3
351,797.3884195795065,35,tablet,0,evening,7
352,747.6139026390182,49,mobile,0,night,18
353,64.33378850001017,17,desktop,0,evening,14
354,460.5922481857945,44,desktop,0,afternoon,16
355,527.2102303104573,28,tablet,0,night,13
356,648.101184119564,30,desktop,0,night,3
357,653.6656769387959,29,mobile,0,morning,2
358,371.0502769627328,46,desktop,0,afternoon,10
359,565.0704220634789,6,mobile,0,night,12
360,486.25126500564556,35,desktop,0,night,7
361,886.1483729580483,41,tablet,0,afternoon,19
362,534.9624813085511,37,mobile,0,evening,2
363,446.62184013068,24,desktop,0,night,16
364,410.44059518503224,29,desktop,0,morning,2
365,576.7034818391311,49,desktop,0,night,18
366,805.9372096068887,46,mobile,0,morning,10
367,543.0174754769797,31,mobile,0,morning,8
368,665.0386233297361,35,mobile,0,night,7
369,740.4772092374598,33,tablet,0,night,11
370,524.9664287799445,21,tablet,0,morning,15
371,432.5488860883157,32,mobile,0,afternoon,15
372,877.898724083825,23,desktop,0,afternoon,8
373,423.3310231876132,33,tablet,1,night,11
374,467.32342206983174,3,mobile,0,evening,4
375,990.4379002083593,18,desktop,0,afternoon,5
376,10.235148340125734,25,tablet,0,night,16
377,193.61818048095523,42,desktop,0,afternoon,7
378,390.1242510205285,31,desktop,0,evening,8
379,933.2640103310003,3,desktop,1,night,4
380,79.32940868999631,40,desktop,0,evening,12
381,19.390579292213094,46,tablet,0,night,10
382,62.156997617456305,24,tablet,0,evening,16
383,97.65797650748196,32,tablet,0,afternoon,15
384,47.22080547419826,47,mobile,0,afternoon,6
385,484.98351358793974,22,tablet,0,evening,4
386,584.9496351550545,23,desktop,0,evening,8
387,278.970101358314,2,tablet,0,evening,19
388,404.3045101358792,27,desktop,0,night,13
389,100.78234176031583,42,mobile,0,afternoon,7
390,343.0067591901378,2,desktop,0,night,19
391,527.2939997181778,26,desktop,0,afternoon,4
392,734.9490891127987,17,desktop,0,morning,14
393,13.31289842254943,40,mobile,1,night,12
394,472.63765887227606,33,tablet,0,afternoon,11
395,304.03284769033337,9,tablet,1,afternoon,7
396,854.2936034749823,43,mobile,0,night,10
397,718.3977820818995,48,desktop,0,night,18
398,593.2174491261859,39,tablet,0,afternoon,7
399,284.49298923980587,29,mobile,1,night,2
400,911.235711036959,42,tablet,0,evening,7
401,54.64967044811995,26,mobile,0,night,4
402,118.372922692324,35,desktop,0,night,7
403,397.7138391349525,25,tablet,0,night,16
404,133.1931817238878,24,mobile,0,afternoon,16
405,956.8515405838308,13,tablet,0,evening,3
406,800.0094289219495,7,tablet,1,morning,8
407,266.39282508579555,36,tablet,0,morning,13
408,592.668686683513,45,tablet,0,evening,3
409,982.5072099292809,20,mobile,0,evening,15
410,885.3569883501879,1,desktop,0,evening,3
411,604.7904619777761,8,mobile,0,afternoon,17
412,904.6867275035178,46,mobile,0,morning,10
413,989.2930607152254,16,mobile,0,evening,6
414,745.9192946646879,14,desktop,1,afternoon,4
415,74.33654538806509,12,tablet,1,morning,1
416,407.5644340612326,23,tablet,0,night,8
417,839.447477930413,15,tablet,1,afternoon,13
418,238.2635038469688,28,desktop,0,morning,13
419,832.3360925731183,34,tablet,0,afternoon,9
420,129.13537441464598,2,desktop,0,morning,19
421,56.47590357633487,32,tablet,0,morning,15
422,390.2497053763371,23,tablet,0,night,8
423,46.36461805234749,22,mobile,0,afternoon,4
424,957.6975603534923,25,desktop,0,evening,16
425,827.9436388360263,22,mobile,0,night,4
426,802.7619902585764,22,mobile,0,night,4
427,633.4801437661915,49,mobile,0,morning,18
428,224.16078280618797,42,desktop,1,evening,7
429,523.0777630096283,6,desktop,0,afternoon,12
430,601.3013317060377,15,tablet,0,evening,13
431,529.7811858516654,43,mobile,0,evening,10
432,267.631034272012,37,tablet,0,evening,2
433,520.0954450715786,33,mobile,0,evening,11
434,496.2744774599403,8,desktop,0,evening,17
435,996.372418048657,44,desktop,0,morning,16
436,898.4617865657418,44,desktop,1,morning,16
437,468.7469407334637,5,mobile,0,night,16
438,626.7080091057675,39,desktop,0,morning,7
439,750.3928880513063,4,mobile,0,night,3
440,44.51650863148666,6,tablet,1,night,12
441,895.9722268155615,45,mobile,0,afternoon,3
442,861.5255482537445,32,tablet,0,evening,15
443,462.8577767959702,30,mobile,0,morning,3
444,397.258068419576,47,tablet,0,afternoon,6
445,280.2297811077518,35,desktop,0,morning,7
446,481.9100600470647,40,tablet,0,night,12
447,53.932896897904406,16,desktop,0,morning,6
448,853.6715980135377,13,desktop,0,evening,3
449,45.06814473435962,42,tablet,0,night,7
450,335.7608517161723,30,mobile,1,night,3
451,932.2735934358,19,mobile,1,afternoon,16
452,737.8605279782182,17,mobile,0,evening,14
453,288.57705097175153,19,mobile,0,night,16
454,260.12260302127623,28,mobile,0,evening,13
455,15.031318419845707,26,desktop,0,morning,4
456,698.7571499212527,37,mobile,0,evening,2
457,58.295745856441364,26,desktop,0,night,4
458,537.2764942067545,23,desktop,0,afternoon,8
459,962.5007528661293,9,desktop,1,night,7
460,118.37417145390936,12,tablet,0,evening,1
461,895.5351316583867,1,tablet,0,evening,3
462,991.5605817935976,1,desktop,0,night,3
463,70.9018559768427,47,tablet,0,evening,6
464,884.0772064460866,34,mobile,0,morning,9
465,520.9182302391805,32,mobile,0,night,15
466,907.4485822501342,48,desktop,0,afternoon,18
467,575.6057525003783,25,mobile,0,night,16
468,665.490890005499,40,desktop,0,morning,12
469,548.3411189174252,45,desktop,0,morning,3
470,865.847951504275,1,mobile,0,morning,3
471,736.5708197641648,16,tablet,0,morning,6
472,526.0477090586107,39,mobile,0,morning,7
473,869.4791960110315,5,mobile,0,afternoon,16
474,252.83267693278123,22,desktop,0,evening,4
475,165.7672531055007,29,desktop,0,morning,2
476,168.7961042767714,3,desktop,0,morning,4
477,340.6687899577855,12,desktop,0,night,1
478,246.30313098800733,26,tablet,1,afternoon,4
479,930.7894470046413,16,tablet,0,afternoon,6
480,114.77575289029815,37,tablet,1,evening,2
481,702.0008306591918,22,desktop,1,afternoon,4
482,197.32932438715582,29,desktop,0,night,2
483,882.8207614426467,14,desktop,0,night,4
484,961.7021353030583,28,tablet,0,evening,13
485,470.8153086822837,5,desktop,0,night,16
486,880.2807654258503,47,mobile,0,morning,6
487,15.09371904716762,49,mobile,0,morning,18
488,821.7474482340191,30,desktop,0,night,3
489,236.33890990967427,46,mobile,0,evening,10
490,909.6142961766742,5,mobile,0,afternoon,16
491,11.108910365308391,12,tablet,0,evening,1
492,560.6199176893595,16,desktop,1,afternoon,6
493,759.0694457470853,26,desktop,0,night,4
494,266.1014473909289,26,tablet,0,night,4
495,201.20153594142013,48,mobile,0,morning,18
496,93.2572422233048,21,mobile,0,afternoon,15
497,333.16924073826004,39,desktop,1,evening,7
498,564.2458691857412,36,mobile,0,night,13
499,124.68541821245508,33,tablet,1,evening,11
500,382.9284083669308,30,tablet,0,morning,3
501,18.981680606197713,37,desktop,0,afternoon,2
502,820.4926262948434,23,tablet,0,afternoon,8
503,137.16423091225943,10,tablet,0,night,11
504,290.5095187829258,5,desktop,1,afternoon,16
505,28.243441550835293,36,tablet,0,night,13
506,437.91837605358717,34,tablet,0,morning,9
507,841.7202877138066,31,tablet,0,afternoon,8
508,398.2296993307446,10,mobile,0,night,11
509,187.70235018959505,19,desktop,0,evening,16
510,756.161845710014,32,desktop,0,night,15
511,790.9189120520368,1,desktop,0,afternoon,3
512,182.01594055449112,5,mobile,0,morning,16
513,773.1455674555799,45,mobile,0,afternoon,3
514,947.8249093737746,4,desktop,0,afternoon,3
515,174.71381106294962,16,mobile,0,night,6
516,773.2744496068142,24,desktop,1,evening,16
517,711.4862845566031,16,mobile,0,afternoon,6
518,478.8381495507376,2,tablet,0,evening,19
519,67.34125595321031,49,tablet,0,night,18
520,83.94747358027547,28,desktop,0,evening,13
521,853.8905126066612,32,mobile,0,night,15
522,990.2468890231406,27,mobile,0,morning,13
523,679.2917346148869,20,tablet,0,evening,15
524,451.49872394021827,24,tablet,0,evening,16
525,651.0979069678885,12,mobile,0,morning,1
526,598.4519006362599,35,mobile,0,evening,7
527,389.7761378015656,33,mobile,0,morning,11
528,74.96988312827281,33,mobile,0,afternoon,11
529,823.2978179333666,43,mobile,0,night,10
530,378.11519394633734,37,mobile,0,morning,2
531,820.5977869235228,12,desktop,0,evening,1
532,259.9836621914984,3,mobile,0,morning,4
533,11.019185047177062,1,tablet,0,evening,3
534,167.34890044398895,33,desktop,0,afternoon,11
535,473.85402260089853,40,mobile,0,morning,12
536,944.8605986082516,10,tablet,0,afternoon,11
537,111.1716834967818,43,desktop,0,night,10
538,855.6676767169504,44,tablet,0,evening,16
539,531.7538552497434,29,mobile,0,evening,2
540,827.6615581418977,13,mobile,0,afternoon,3
541,305.3906866800927,12,mobile,0,night,1
542,841.5476930257472,31,mobile,0,morning,8
543,775.0945522166364,46,desktop,0,morning,10
544,237.7531462011196,2,desktop,1,evening,19
545,140.02177514528427,35,tablet,0,afternoon,7
546,869.3737793069699,23,mobile,0,afternoon,8
547,963.6042869057305,17,tablet,0,morning,14
548,40.98929061004108,26,desktop,0,night,4
549,733.9573663039487,8,mobile,0,night,17
550,910.4292658383403,29,mobile,0,morning,2
551,858.7864911715736,26,desktop,0,morning,4
552,964.8752675475065,10,desktop,0,afternoon,11
553,762.4931376537162,26,desktop,0,night,4
554,447.87577475710117,34,desktop,0,morning,9
555,318.8324705901791,41,desktop,0,morning,19
556,327.53531303374615,7,mobile,0,evening,8
557,727.1784458879758,4,desktop,0,morning,3
558,748.3786419106547,45,mobile,0,morning,3
559,208.3555521132255,11,mobile,0,night,18
560,869.4415853556256,29,desktop,0,afternoon,2
561,717.7747998002252,36,desktop,0,night,13
562,567.1227834799488,25,mobile,0,afternoon,16
563,476.8171355014876,21,desktop,0,evening,15
564,547.8004777320585,36,desktop,0,morning,13
565,167.6532808964718,10,desktop,0,evening,11
566,211.66423678351146,37,tablet,0,afternoon,2
567,100.25284550212976,9,mobile,0,night,7
568,162.12145777950155,24,tablet,0,night,16
569,459.15669825922987,35,desktop,0,evening,7
570,535.0508497909735,49,tablet,0,afternoon,18
571,27.683273553536182,35,desktop,1,evening,7
572,798.8298495853873,48,tablet,0,evening,18
573,301.2262936100431,36,desktop,0,morning,13
574,912.717674610312,18,tablet,0,evening,5
575,967.8361509776399,49,tablet,0,morning,18
576,193.6042859298878,39,tablet,0,morning,7
577,467.47631785800405,32,mobile,0,night,15
578,11.21951681476163,24,tablet,0,morning,16
579,602.3439924712027,23,mobile,0,morning,8
580,611.2333837800445,32,desktop,0,night,15
581,255.0645560473414,37,tablet,0,evening,2
582,562.828545857366,12,desktop,0,afternoon,1
583,233.28474101929808,49,desktop,0,afternoon,18
584,169.21721438740818,13,tablet,0,afternoon,3
585,655.004272134242,23,mobile,0,evening,8
586,332.66620931255414,25,tablet,0,morning,16
587,594.3612994967663,35,desktop,1,afternoon,7
588,438.91428148193904,41,desktop,0,evening,19
589,984.507893328875,30,tablet,0,morning,3
590,158.0848362408901,17,mobile,0,night,14
591,469.95261066945204,49,mobile,0,afternoon,18
592,683.6520600957319,20,desktop,0,morning,15
593,401.589633041169,48,desktop,0,afternoon,18
594,974.952853351983,25,mobile,1,afternoon,16
595,724.6687516476657,22,tablet,0,afternoon,4
596,660.4140189888482,13,desktop,0,morning,3
597,759.4886749351111,19,mobile,0,evening,16
598,953.1221516583298,49,desktop,0,morning,18
599,908.7404664547937,36,tablet,0,afternoon,13
600,727.0424550451478,12,mobile,0,morning,1
601,751.6700227102702,41,desktop,0,night,19
602,154.462853294794,19,tablet,0,evening,16
603,111.76448044773903,12,desktop,0,morning,1
604,575.1954568257227,9,tablet,0,night,7
605,28.183960571134598,7,tablet,0,evening,8
606,487.53281773607563,28,mobile,0,night,13
607,218.24608411967992,14,tablet,0,evening,4
608,352.5564019683912,31,desktop,0,morning,8
609,778.0466884350265,19,tablet,0,night,16
610,941.8251291900626,47,tablet,0,afternoon,6
611,81.69210942487808,16,mobile,0,night,6
612,538.8997839166807,5,tablet,0,evening,16
613,883.708150961404,35,tablet,0,morning,7
614,91.68344909601707,12,desktop,0,evening,1
615,826.2689064278655,25,mobile,0,night,16
616,364.22333741898865,21,mobile,0,night,15
617,328.873755197142,36,mobile,0,afternoon,13
618,977.6917224516379,23,tablet,0,morning,8
619,208.85049896367124,16,mobile,1,morning,6
620,696.2620014144542,39,tablet,0,night,7
621,823.2263207297677,45,tablet,0,morning,3
622,50.77166032647896,42,desktop,0,afternoon,7
623,673.681603770868,39,desktop,0,evening,7
624,952.0344746117737,14,desktop,0,morning,4
625,132.97776706077877,31,desktop,0,night,8
626,897.2590896581879,5,desktop,0,evening,16
627,598.8288710031667,35,tablet,0,evening,7
628,620.4385360438492,23,tablet,0,afternoon,8
629,616.8147331169499,29,mobile,0,night,2
630,305.8475274739407,43,tablet,0,morning,10
631,935.8497971464651,11,tablet,0,night,18
632,947.8769580047283,18,desktop,0,evening,5
633,629.0516136118083,47,tablet,0,night,6
634,785.5884986821985,12,desktop,0,morning,1
635,616.1354060223464,9,mobile,0,morning,7
636,489.5544630983002,10,mobile,1,afternoon,11
637,664.2119171162582,44,tablet,0,morning,16
638,557.4714380660389,17,mobile,1,morning,14
639,601.5011040056108,38,tablet,0,night,8
640,785.9942278846734,7,mobile,0,night,8
641,486.094793134495,46,desktop,0,evening,10
642,50.34656503154804,13,desktop,0,afternoon,3
643,172.35948617960227,40,desktop,0,night,12
644,444.221144324643,42,desktop,0,morning,7
645,727.5782942753177,9,tablet,0,evening,7
646,597.345861827077,27,mobile,0,night,13
647,653.7912440147194,2,tablet,0,afternoon,19
648,484.4861392905244,5,desktop,0,afternoon,16
649,619.5846017228204,29,tablet,1,evening,2
650,335.72726343651556,37,mobile,0,evening,2
651,475.4807667696984,38,tablet,1,evening,8
652,746.8362749390061,19,mobile,0,evening,16
653,873.11445118339,8,tablet,0,evening,17
654,439.318780616825,48,mobile,0,morning,18
655,53.22504113028758,45,mobile,0,morning,3
656,170.05581870533462,1,desktop,0,night,3
657,30.65252789862272,22,mobile,0,afternoon,4
658,656.7303890449568,17,desktop,0,morning,14
659,338.99147910155784,7,desktop,0,morning,8
660,547.0538493621739,25,desktop,1,morning,16
661,498.34407831596155,45,tablet,0,night,3
662,90.71122465690243,4,tablet,0,evening,3
663,409.2287475125935,36,tablet,0,night,13
664,228.35551367310003,6,tablet,0,afternoon,12
665,424.2157907809762,31,mobile,0,afternoon,8
666,211.54249753882024,19,mobile,0,afternoon,16
667,842.0478822141641,44,tablet,0,afternoon,16
668,182.45140321247112,39,mobile,0,morning,7
669,961.1727459721071,27,mobile,0,morning,13
670,421.7482924854714,10,desktop,0,night,11
671,847.7828390988589,26,desktop,0,evening,4
672,632.4771700238856,19,desktop,1,afternoon,16
673,737.9967956790952,39,desktop,0,night,7
674,770.0466491861125,3,mobile,0,morning,4
675,509.7964330740876,45,tablet,0,morning,3
676,547.8675181296555,13,mobile,0,evening,3
677,518.8559091306377,28,mobile,0,evening,13
678,592.1777943091785,20,mobile,0,evening,15
679,39.10050129894222,28,desktop,1,night,13
680,401.5600181505251,8,desktop,0,morning,17
681,610.1268264255598,41,desktop,1,morning,19
682,601.7463296033058,39,tablet,1,evening,7
683,795.0265336595752,1,mobile,0,afternoon,3
684,658.4592454437875,3,tablet,0,evening,4
685,992.2119831772657,13,desktop,1,night,3
686,291.01598332255855,28,tablet,0,evening,13
687,365.55951936956916,49,mobile,0,evening,18
688,390.0086803491183,25,mobile,1,night,16
689,471.15467895004605,33,desktop,0,evening,11
690,837.6380831433974,38,desktop,0,morning,8
691,243.43417301961776,6,tablet,0,afternoon,12
692,778.2402049650752,44,desktop,0,evening,16
693,411.257081254886,45,desktop,0,night,3
694,605.8368298253885,32,mobile,0,afternoon,15
695,636.215127894043,45,desktop,0,night,3
696,379.1201508170451,47,desktop,0,afternoon,6
697,517.4890531537471,21,mobile,0,afternoon,15
698,418.90086290122,16,mobile,0,evening,6
699,78.44145832475326,21,tablet,0,morning,15
700,442.7937349286583,11,desktop,0,evening,18
701,106.41945862801666,37,mobile,0,night,2
702,410.9705910895183,36,tablet,0,night,13
703,596.9892158334641,35,tablet,0,afternoon,7
704,583.6207503500658,19,desktop,1,afternoon,16
705,665.9950662182372,20,desktop,0,morning,15
706,104.30889287508003,18,tablet,0,evening,5
707,655.6020130751335,47,mobile,0,night,6
708,319.0265761294826,41,tablet,0,afternoon,19
709,405.05548667574,49,desktop,0,morning,18
710,859.4063913834788,14,mobile,0,night,4
711,18.94010008825475,15,mobile,0,afternoon,13
712,592.5285070071994,31,tablet,0,night,8
713,602.7268402991065,1,desktop,0,morning,3
714,402.69317858012636,3,tablet,0,morning,4
715,244.65757853725282,16,tablet,0,night,6
716,242.32729787893558,23,tablet,0,evening,8
717,884.8725729641451,11,mobile,0,night,18
718,447.60413004502897,12,mobile,0,afternoon,1
719,337.5804693592802,10,desktop,0,evening,11
720,454.289798093089,32,desktop,0,afternoon,15
721,672.6964974447677,16,tablet,0,night,6
722,154.29900256230417,8,tablet,0,evening,17
723,454.93949686160033,38,tablet,0,afternoon,8
724,592.0055273992831,12,desktop,0,night,1
725,949.0975213029194,24,mobile,0,night,16
726,260.00250425466504,28,mobile,1,evening,13
727,365.6582404370831,8,tablet,0,night,17
728,385.56500402319955,28,tablet,0,morning,13
729,609.482776068434,36,tablet,0,afternoon,13
730,363.16473250960166,26,tablet,0,afternoon,4
731,538.1768060466986,8,desktop,0,night,17
732,783.9724265465791,28,mobile,0,night,13
733,708.3317381710815,28,tablet,0,morning,13
734,451.9049600474597,37,desktop,1,evening,2
735,865.5740158974272,41,tablet,0,night,19
736,562.5588470979243,36,tablet,1,night,13
737,544.5067811071904,27,mobile,0,night,13
738,43.8458882797666,17,tablet,0,night,14
739,986.82605055359,9,mobile,0,afternoon,7
740,131.74110044433047,33,mobile,0,night,11
741,238.81960330337014,20,mobile,0,afternoon,15
742,61.179868869111694,13,desktop,0,night,3
743,643.6029371685446,28,desktop,0,evening,13
744,232.4541652029532,48,mobile,0,morning,18
745,188.21033309799625,29,tablet,0,evening,2
746,97.67002838100898,13,mobile,0,night,3
747,112.27586755277551,46,tablet,0,night,10
748,588.8239934381628,35,mobile,0,night,7
749,691.3257872079295,6,tablet,0,evening,12
750,403.405198579757,18,desktop,0,night,5
751,485.0981107761525,5,tablet,0,evening,16
752,689.1080586231543,47,mobile,0,afternoon,6
753,27.20599228362484,25,desktop,1,morning,16
754,329.89935049957575,2,tablet,0,morning,19
755,973.366770589643,10,tablet,0,evening,11
756,584.3111073985134,30,tablet,0,afternoon,3
757,261.6823340985183,45,tablet,0,evening,3
758,526.512746169851,5,tablet,0,afternoon,16
759,349.2269532397062,33,desktop,0,night,11
760,536.9225389380362,1,desktop,0,afternoon,3
761,134.48409668858233,18,desktop,0,afternoon,5
762,141.38750728108462,32,desktop,1,afternoon,15
763,152.10693841899894,47,mobile,0,morning,6
764,940.4215940075733,49,desktop,0,afternoon,18
765,735.5699291579284,11,tablet,0,night,18
766,170.7580757156977,21,tablet,0,night,15
767,196.46559292794544,26,desktop,1,night,4
768,733.5211801221676,25,tablet,0,afternoon,16
769,164.60220634425218,22,desktop,0,evening,4
770,242.21568040148037,27,tablet,0,evening,13
771,963.7133644921951,49,mobile,0,night,18
772,262.7534594811475,13,mobile,0,morning,3
773,665.0160268674352,33,desktop,0,evening,11
774,978.8449745265251,34,desktop,0,afternoon,9
775,380.55379946839474,41,desktop,0,evening,19
776,27.340830953441614,35,tablet,0,night,7
777,251.70581751815052,1,desktop,0,morning,3
778,832.5684194282884,21,mobile,0,evening,15
779,865.9627475954863,48,tablet,0,evening,18
780,770.8341708785533,6,desktop,0,night,12
781,121.97872088580729,28,tablet,0,morning,13
782,797.5552679794391,17,tablet,0,morning,14
783,919.4910190235693,5,desktop,1,night,16
784,604.6034471207737,31,tablet,0,afternoon,8
785,941.4666027746842,5,mobile,0,evening,16
786,828.5704948747587,38,mobile,0,afternoon,8
787,670.3018018209982,3,tablet,0,evening,4
788,581.4133843446307,23,desktop,0,evening,8
789,355.0879305695508,37,tablet,0,afternoon,2
790,167.6945707903771,37,mobile,0,night,2
791,608.9043834636354,10,tablet,1,night,11
792,324.9304380819383,10,tablet,0,evening,11
793,867.774280852369,19,mobile,0,night,16
794,993.4035679850422,17,tablet,0,evening,14
795,754.9034849894168,21,tablet,0,night,15
796,99.57687833418024,14,desktop,0,evening,4
797,295.79873957533175,9,desktop,0,night,7
798,118.01853544809222,46,mobile,0,morning,10
799,654.0065313137986,1,mobile,0,afternoon,3
800,767.5389559102268,45,mobile,0,morning,3
801,926.4180825719046,13,desktop,0,afternoon,3
802,443.7906229478678,4,mobile,0,afternoon,3
803,902.3618930925599,1,mobile,0,evening,3
804,879.1122474509143,49,mobile,0,afternoon,18
805,324.02375959774463,40,desktop,0,morning,12
806,870.2116192851653,32,tablet,0,morning,15
807,381.91552936290924,34,mobile,0,night,9
808,303.900581814678,28,tablet,0,morning,13
809,652.5839122064491,31,mobile,0,night,8
810,335.09741560623024,8,tablet,0,afternoon,17
811,633.9066608458528,39,desktop,0,morning,7
812,613.7334874437076,26,desktop,0,afternoon,4
813,567.8045380749742,34,mobile,0,morning,9
814,386.6155071904697,3,tablet,0,morning,4
815,553.014724434962,12,desktop,0,night,1
816,600.5206202355673,1,mobile,0,afternoon,3
817,550.2300196105186,44,mobile,1,morning,16
818,449.97525822368954,5,desktop,0,evening,16
819,24.52038647580117,30,desktop,0,afternoon,3
820,591.1910906241394,30,mobile,0,afternoon,3
821,176.75994129129245,17,tablet,1,afternoon,14
822,646.1502092577177,48,tablet,0,night,18
823,761.7508846436373,47,tablet,0,evening,6
824,505.44085603943404,23,mobile,0,afternoon,8
825,546.9400283299409,15,desktop,0,morning,13
826,951.9637740693313,37,mobile,0,morning,2
827,848.6956877588484,21,desktop,0,night,15
828,915.0941507919553,14,tablet,1,morning,4
829,815.6286254363905,2,tablet,0,afternoon,19
830,117.82915842826412,11,desktop,0,morning,18
831,157.50193741049276,39,desktop,0,afternoon,7
832,531.35755929627,38,mobile,0,morning,8
833,253.60896221001826,34,tablet,0,evening,9
834,481.9285202907476,38,mobile,0,night,8
835,400.42167058016673,34,mobile,0,night,9
836,553.9200960461488,18,mobile,0,evening,5
837,749.4069589744645,30,tablet,0,evening,3
838,718.3359980282817,15,mobile,0,night,13
839,526.021791160481,27,mobile,0,evening,13
840,824.1694846288875,34,mobile,0,afternoon,9
841,436.55347062265304,38,mobile,0,morning,8
842,897.7471469417211,33,mobile,0,night,11
843,80.56746735461226,24,mobile,0,evening,16
844,955.1134297329744,15,tablet,1,afternoon,13
845,658.1461506170347,30,mobile,0,night,3
846,386.27376384783327,42,desktop,0,evening,7
847,205.18258530714857,17,mobile,0,night,14
848,484.39139714916394,5,mobile,0,evening,16
849,202.61273995344797,29,tablet,0,night,2
850,174.66829166571074,4,tablet,0,afternoon,3
851,621.1782398388444,10,desktop,0,afternoon,11
852,527.8538773359668,17,desktop,0,morning,14
853,673.3950742648323,10,tablet,0,night,11
854,930.3098186477692,17,tablet,0,morning,14
855,536.9376112056498,20,mobile,0,night,15
856,585.1227327301698,24,tablet,0,evening,16
857,98.73007576339269,5,desktop,0,evening,16
858,720.4594280495432,34,mobile,0,morning,9
859,405.9061547361146,6,desktop,0,night,12
860,976.9579862759531,2,mobile,0,morning,19
861,824.9422754397036,13,tablet,0,afternoon,3
862,527.2562301109572,43,desktop,0,morning,10
863,131.9904276304444,43,mobile,0,morning,10
864,860.8216353477833,48,mobile,0,evening,18
865,801.7832844697814,11,tablet,0,morning,18
866,192.73927824166265,47,tablet,0,night,6
867,302.325506328107,23,tablet,0,evening,8
868,795.4731855663589,16,desktop,0,morning,6
869,193.37616208193558,31,mobile,0,afternoon,8
870,918.5749642796635,11,tablet,0,morning,18
871,430.28215094439827,16,desktop,0,morning,6
872,96.16857296178206,8,desktop,0,morning,17
873,817.5911570692381,4,desktop,0,evening,3
874,379.7745862080037,40,tablet,0,night,12
875,531.2342022122432,4,tablet,0,afternoon,3
876,121.18130096710698,25,mobile,0,morning,16
877,12.55817469653256,3,mobile,0,night,4
878,641.6053537353647,32,tablet,0,night,15
879,520.0234186303943,3,desktop,0,evening,4
880,597.6031834319157,27,desktop,0,afternoon,13
881,795.8064118767112,29,desktop,0,evening,2
882,650.1398542886316,32,mobile,0,night,15
883,183.0257083991034,19,desktop,0,night,16
884,367.16479391949383,21,mobile,1,night,15
885,906.8321937398828,5,mobile,0,evening,16
886,772.2452532491621,18,desktop,0,afternoon,5
887,561.07068735735,28,desktop,0,morning,13
888,263.08854783117954,42,tablet,0,evening,7
889,309.0398968164471,22,tablet,0,night,4
890,734.6384869097782,21,desktop,0,evening,15
891,852.6625182442431,6,mobile,0,night,12
892,674.7104228353082,1,mobile,0,morning,3
893,811.4346760107574,5,mobile,0,morning,16
894,768.989573848402,41,mobile,0,afternoon,19
895,158.20692827738816,12,mobile,0,night,1
896,429.705364784169,26,tablet,1,afternoon,4
897,161.45396282027704,46,desktop,0,afternoon,10
898,242.88322895396496,34,tablet,0,morning,9
899,870.567028404542,49,mobile,1,evening,18
900,478.1630459768503,14,mobile,0,evening,4
901,540.0045208242343,26,mobile,1,afternoon,4
902,186.6615055754944,45,mobile,0,morning,3
903,319.14906818830804,27,desktop,0,night,13
904,237.94370674359124,9,mobile,0,evening,7
905,214.12430287324216,26,desktop,0,afternoon,4
906,641.5811853828104,47,mobile,0,evening,6
907,264.3150091692577,22,desktop,1,evening,4
908,635.6953311602143,47,tablet,0,night,6
909,67.87006796746837,30,mobile,0,morning,3
910,150.35664959183083,43,desktop,0,night,10
911,281.7948514601241,48,tablet,0,morning,18
912,601.0764477267347,17,mobile,0,evening,14
913,679.0828326365022,26,mobile,0,afternoon,4
914,448.28979711173184,36,mobile,0,night,13
915,451.3330054314567,1,desktop,0,morning,3
916,727.2716828846319,8,desktop,0,evening,17
917,25.662880847926616,49,tablet,0,morning,18
918,347.67912422947836,35,desktop,0,morning,7
919,820.5199865480404,15,desktop,0,morning,13
920,607.1872161112385,47,mobile,0,evening,6
921,343.8548614278662,22,mobile,0,afternoon,4
922,906.4695444063772,14,mobile,0,afternoon,4
923,774.8965001748887,26,mobile,0,afternoon,4
924,272.2464927643661,28,mobile,0,morning,13
925,648.8369391504597,23,mobile,0,evening,8
926,599.7932209070672,14,mobile,0,morning,4
927,407.17603489859283,24,tablet,0,afternoon,16
928,373.2865184127527,2,tablet,0,afternoon,19
929,350.1248700279469,45,tablet,0,evening,3
930,620.9842255616903,26,tablet,0,morning,4
931,447.9858371158628,14,mobile,0,night,4
932,833.5444821189078,7,tablet,0,night,8
933,672.9065899726222,3,mobile,0,afternoon,4
934,79.23228965233979,47,tablet,0,evening,6
935,643.7665415898844,23,desktop,0,morning,8
936,278.43596213518293,46,tablet,0,morning,10
937,596.8838717368884,43,tablet,0,afternoon,10
938,683.3306117924169,47,mobile,0,afternoon,6
939,238.52089726247195,45,tablet,0,morning,3
940,462.29005843156494,18,desktop,0,morning,5
941,198.4216141908771,38,mobile,0,afternoon,8
942,61.815487028643226,35,mobile,1,morning,7
943,384.6916592510104,15,tablet,0,night,13
944,369.31482912753205,25,mobile,0,afternoon,16
945,995.5256857972145,37,mobile,1,morning,2
946,451.8888276856657,28,mobile,0,afternoon,13
947,340.2338539774784,10,mobile,1,evening,11
948,584.6702566495079,39,mobile,0,afternoon,7
949,97.87972016669077,17,mobile,0,afternoon,14
950,962.0490785952651,39,desktop,0,evening,7
951,638.6104451351229,22,tablet,0,night,4
952,757.2894417414393,26,desktop,0,morning,4
953,178.77315879217838,44,mobile,0,evening,16
954,415.38307447515183,25,mobile,0,afternoon,16
955,428.4622222622276,17,tablet,0,morning,14
956,823.588379462076,13,desktop,0,evening,3
957,11.224312961815349,20,tablet,0,morning,15
958,307.84457726972255,25,desktop,1,morning,16
959,981.4240106008608,4,mobile,0,evening,3
960,480.1376780711564,10,tablet,0,morning,11
961,388.7010174415682,3,tablet,0,night,4
962,128.6307119974699,41,mobile,0,evening,19
963,974.4229823417354,45,tablet,0,night,3
964,29.826092366566222,18,desktop,0,afternoon,5
965,739.8084227571707,47,desktop,0,morning,6
966,770.9138067406234,36,desktop,0,afternoon,13
967,251.22014890322797,47,desktop,0,afternoon,6
968,674.8428591769069,22,mobile,0,morning,4
969,101.99985293559602,34,tablet,0,evening,9
970,264.4767937677591,47,desktop,0,morning,6
971,790.0229684093423,8,mobile,0,afternoon,17
972,866.0393301132049,40,tablet,0,afternoon,12
973,612.4015485331934,49,tablet,0,evening,18
974,511.7700475022778,44,mobile,0,morning,16
975,167.7109804127905,19,mobile,0,afternoon,16
976,72.47794274835866,42,desktop,0,night,7
977,126.47253818882304,41,tablet,0,afternoon,19
978,235.0837270951378,37,tablet,0,afternoon,2
979,348.25775687795164,6,mobile,0,evening,12
980,387.10043025587737,26,tablet,0,night,4
981,352.8585509031135,34,desktop,0,afternoon,9
982,246.66477887529294,45,tablet,0,afternoon,3
983,514.6270042841811,6,mobile,0,night,12
984,827.0332471505678,37,mobile,0,morning,2
985,286.9065030867644,33,desktop,0,morning,11
986,942.9631489112107,22,desktop,0,afternoon,4
987,874.6032951066094,21,tablet,0,afternoon,15
988,170.1465692385885,6,tablet,0,morning,12
989,788.4131971895235,6,mobile,0,evening,12
990,578.841508494589,48,desktop,0,night,18
991,570.9096085497043,4,desktop,0,night,3
992,397.1323354275927,30,desktop,0,evening,3
993,506.14146919018964,11,tablet,0,evening,18
994,403.2069896549189,30,desktop,0,evening,3
995,544.3352925723434,31,mobile,0,evening,8
996,631.6705522449095,24,mobile,0,evening,16
997,677.560768344958,9,tablet,0,evening,7
998,537.1563806338319,3,tablet,0,night,4
999,724.2078466554444,31,desktop,0,evening,8
1000,149.86526878275075,40,tablet,0,morning,12
